id_cliente,nombre,edad,sexo,ciudad
1,Darío Hugo Tello Zamudio,67,M,San Adriana los altos
2,Gerardo Cortez,31,M,San José Carlos de la Montaña
3,Sr. Tomás Páez,36,F,Vieja Mali
4,Esther Julia Montez Flórez,36,F,San Pedro los altos
5,Benjamín Maestas Reyna,60,F,San Diana los altos
6,Lic. Rocío Gómez,41,F,Nueva Vanuatu
7,Héctor César Rosales Ayala,68,M,San Bruno de la Montaña
8,Angélica Ángela Padilla Parra,31,F,Nueva Djibouti
9,Daniel Velázquez,23,F,Nueva Zambia
10,Dr. Gregorio Montoya,25,F,San Marcos de la Montaña
11,Dr. Julio César Torres,33,F,San Carlota los altos
12,Eva Tirado Curiel,27,M,San Martha los bajos
13,Lic. Virginia Corral,40,M,San Sara los altos
14,Cornelio Sanabria,70,F,San Emiliano de la Montaña
15,Dr. Lorenzo Chapa,36,M,San Ramiro los bajos
16,Lic. Ricardo de la Fuente,60,M,Vieja Reino Unido de Gran Bretaña e Irlanda del Norte
17,Raquel Angélica Quezada,67,F,San Noemí de la Montaña
18,Dolores María Elena Lugo Montes,68,F,San Alberto los bajos
19,Alma Sarabia,67,F,Vieja Guatemala
20,José Luis Carranza,48,F,Vieja Palau
21,José Manuél Esquibel,37,F,San Marcela de la Montaña
22,Jaime Macías,65,M,Vieja Chad
23,Javier Luis Aguilera Villarreal,66,M,Nueva Mongolia
24,Miguel Ángel Padilla Caballero,19,M,Vieja Congo
25,Horacio Sepúlveda Esquibel,56,F,San Raúl los altos
26,Elvira Olga Marrero,66,F,Vieja Suriname
27,Eduardo Sanabria,26,M,San Alfredo los altos
28,Julio José Eduardo Archuleta Aguayo,44,F,Nueva Rumania
29,Ing. Adalberto Ruiz,27,M,Vieja Eslovaquia
30,Maximiliano Jorge del Valle Moreno,28,F,San Magdalena los altos
31,Hermelinda Peña Gil,35,M,Vieja Santa Lucía
32,Gerardo Hugo Cuellar Sisneros,60,M,Vieja Belarús
33,Esther Marisol Ornelas,66,F,San Ofelia de la Montaña
34,Juan Valdez,52,F,San Agustín de la Montaña
35,Rodrigo Matos,23,M,Nueva Indonesia
36,David Flavio Bravo Trejo,32,M,San Ignacio de la Montaña
37,Esmeralda Estela Cardona Juárez,28,M,Nueva Bhután
38,Dr. Clemente Segura,66,M,Vieja Angola
39,Ing. Uriel Carranza,70,F,San Jorge los altos
40,Rosario Sara Gil,65,M,Vieja Malasia
41,José Pineda López,60,F,Vieja Guatemala
42,Mauricio Acuña Cornejo,60,M,Vieja Barbados
43,Delia Esparta Ozuna,38,M,San Alberto de la Montaña
44,Daniela Nelly Salcido,62,M,Nueva Dominicana
45,Camila Nevárez Holguín,50,M,San Marco Antonio los bajos
46,Hernán Leonel Ureña Matos,40,F,San Adalberto los altos
47,Ing. Marisol Tovar,32,M,San César los altos
48,Aldo Trejo Merino,65,M,Nueva Albania
49,Beatriz Medina,52,M,Vieja Rumania
50,Lic. Raúl Morales,21,M,San Tania de la Montaña
51,Federico Caraballo Rivero,60,M,San Jaime los altos
52,Vanesa Blanco,27,M,Vieja Zambia
53,Francisco Gerónimo Curiel,58,F,Nueva Barbados
54,Emilia Liliana Alcántar,69,M,Nueva Federación de Rusia
55,Lilia Antonia Villanueva Cardenas,36,F,Nueva República de Corea
56,Nancy Hernandes,22,M,Nueva Eslovaquia
57,Cynthia Carmen Balderas Reyes,24,M,Vieja Guinea
58,María Cristina Irma Rincón Alejandro,27,F,San Bernabé los altos
59,Dolores Rascón,26,M,San Irma los altos
60,Lorena Eugenia Colunga,25,M,San Mayte de la Montaña
61,Karla Lugo Elizondo,53,F,Vieja Luxemburgo
62,Amalia Medrano,39,F,San Cristobal los altos
63,Samuel Zamudio Nieves,44,F,San Nayeli los altos
64,Alonso Diego Miranda Cantú,57,F,San Amador los altos
65,Noemí Ariadna Ríos,36,M,Nueva Santa Lucía
66,Rubén Gustavo Madera,32,M,Nueva Kiribati
67,Srita. Nelly de la O,26,F,San Darío los altos
68,María Carmen Jaime,39,M,San María Luisa de la Montaña
69,Juan Pabón,48,F,Vieja Guinea
70,Ing. Jaqueline Valdez,23,F,Nueva República Popular Democrática de Corea
71,Dr. Mateo Segovia,18,M,San Débora los altos
72,Reina Aponte,26,M,San Alonso de la Montaña
73,César José Emilio Ybarra Peres,56,M,San Oswaldo los altos
74,Lic. María del Carmen Frías,59,F,Vieja Kenya
75,Alicia Elvira Limón,52,M,San Mariana los altos
76,Emiliano Zarate,68,M,San Oswaldo los bajos
77,Lic. Bianca Negrete,65,M,Vieja Albania
78,María Cristina Figueroa,18,F,Vieja Francia
79,Marcela Ojeda Valle,48,M,Vieja Zimbabwe
80,Ángel Reynoso,53,M,San Ruby los bajos
81,Aldo Salas Vigil,67,M,San Santiago los altos
82,Oswaldo Alfredo Valdivia,69,M,Vieja Portugal
83,Mauro Federico Menéndez Lomeli,53,F,Vieja Argelia
84,Adriana Luna,48,M,San Guadalupe los bajos
85,Tania Ángela de la O Reyna,67,F,San Yeni de la Montaña
86,Emilio Eric González Acevedo,50,M,Nueva Polonia
87,Carla Sofía Rosado,24,F,Vieja Benin
88,Verónica Barreto Terán,58,M,Nueva Hungría
89,Jaqueline Socorro Rolón Vergara,18,M,San Genaro los bajos
90,Federico Omar Sierra,43,F,Vieja Costa Rica
91,Sessa Aponte,51,F,Vieja Azerbaiyán
92,Paulina Tejeda,64,M,Nueva Eslovaquia
93,Alfonso José Manuél Villareal,30,F,Nueva Qatar
94,Bernardo Nicolás Pedraza,44,M,San María del Carmen los bajos
95,Sra. Alta  Gracia Solorio,42,F,Vieja Maldivas
96,Lorenzo Cadena,26,M,Nueva Antigua y Barbuda
97,Esperanza Abigail Olivárez,44,M,San Alta  Gracia los bajos
98,Sr. Humberto Arguello,21,F,Nueva Papua Nueva Guinea
99,Isabel Florencia Padrón Rolón,40,M,Vieja República Árabe Siria
100,Caridad Judith Quezada Rodríquez,37,M,San Olga los altos
101,Humberto Germán Serrato,54,M,Vieja Suriname
102,Gerardo Fernández Fonseca,64,M,San Noemí los bajos
103,Enrique Jos Gálvez,58,M,San Jorge de la Montaña
104,Ing. Yeni Arias,41,F,Vieja Mauricio
105,Sra. Rocío de la O,30,M,San Jacobo los altos
106,Lic. Lucía León,44,M,San Elvira de la Montaña
107,Hugo Iván Vargas,34,M,San Francisca los altos
108,Ing. José María Bravo,44,F,San Frida los altos
109,Dr. Clemente Quiñones,61,M,Vieja Israel
110,Eugenio Berríos Mares,56,F,San Enrique de la Montaña
111,Israel José Eduardo Ávila Bonilla,65,F,Vieja Islas Marshall
112,Emilio Otero Prado,58,F,San Gloria los bajos
113,Samuel Rodolfo Páez,41,M,Vieja Togo
114,Aurelio Emilio Armenta Caraballo,62,M,Vieja Vietman
115,Espartaco Luevano Candelaria,66,M,Nueva Botswana
116,Elsa Arreola Lovato,40,F,Vieja Estonia
117,Fidel Antonio Orosco Barrios,48,F,San Vanesa de la Montaña
118,Eloisa Becerra Saucedo,54,F,Vieja Turquía
119,Srita. Elisa Lovato,58,M,Vieja Estados Unidos de América
120,Zeferino Ignacio Nazario Puente,28,F,Nueva Singapur
121,Patricio Vargas,34,M,Nueva Noruega
122,Flavio José María Mares,19,M,Vieja Guinea
123,Espartaco Jacobo Chavarría Dávila,38,M,San Débora de la Montaña
124,Genaro Ignacio Villalpando,66,M,Nueva Congo
125,Sr. Francisco Rodríguez,29,F,Nueva Zambia
126,Ruby Judith Madrigal Trujillo,44,M,Vieja Bulgaria
127,Sofía Segovia,51,F,Nueva Mali
128,Marisol Jaimes,28,F,Vieja República de Corea
129,Francisco Javier Alemán,64,F,San Delia los bajos
130,Lic. Micaela Villaseñor,34,F,Nueva Rumania
131,Estela Concepción Gamboa,58,M,Vieja Uzbekistán
132,Lucía Olivas,51,F,Vieja Chad
133,Adriana Arredondo Samaniego,36,F,Vieja Botswana
134,Leonardo Héctor Reyna,59,M,San Hernán los bajos
135,Ernesto Santiago,55,F,San Lucas los altos
136,Cynthia Quintero de la Rosa,68,F,San Débora de la Montaña
137,Dulce María Otero Barela,70,F,San Rosario de la Montaña
138,Sr. José Emilio Aguilera,23,M,San Iván los bajos
139,Celia Gaona Molina,18,M,San Jorge los altos
140,Rolando Wilfrido Villagómez,39,M,Nueva Bhután
141,Zoé Mitzy Zaragoza Véliz,41,F,Vieja Arabia Saudita
142,Claudia Gamez,39,F,San Jaqueline de la Montaña
143,Sr. Jonás Sanabria,32,M,San Daniel los altos
144,Dr. Emiliano Rangel,25,F,Vieja Bélgica
145,Iván Federico Arteaga,60,F,San Alma los bajos
146,María Teresa Véliz Aguilera,69,F,San Modesto de la Montaña
147,Guillermina Bonilla Chavarría,70,M,San Natalia de la Montaña
148,Dalia Holguín,57,F,Vieja Honduras
149,Agustín Maya Gómez,69,F,Vieja Tonga
150,Dr. David Robles,22,M,Vieja Turkmenistán
151,Dra. Dolores Madrigal,59,M,San Alicia los bajos
152,Minerva Apodaca,69,M,Nueva Bolivia
153,Berta de la Garza,46,M,San Federico los altos
154,Elena Meléndez,66,F,Vieja Santa Lucía
155,Sonia Cabrera Tejada,56,M,San Noelia los bajos
156,Conchita Sofía Rolón Casillas,34,F,Nueva Malasia
157,Humberto Tijerina,57,F,San Ivonne de la Montaña
158,Clemente Abrego Suárez,40,F,San Flavio de la Montaña
159,Débora Carlota Quintana Almonte,58,M,San Sessa los bajos
160,Francisco Rubén Luevano Leyva,18,M,Nueva Líbano
161,Lic. Raquel Verdugo,55,F,San Benjamín de la Montaña
162,Silvia Natividad Caballero,44,M,San Araceli los altos
163,Adriana Luz Serrano,50,F,Nueva Brasil
164,Rodrigo Jorge Esparza,39,M,Vieja Rwanda
165,Germán Nieves,56,M,San Manuel los altos
166,César Márquez,69,M,Nueva Guinea
167,Flavio Darío Maya,61,M,Vieja Argentina
168,Dalia Elvia Téllez,48,M,San Aldonza los bajos
169,Nadia Magdalena Chávez Vergara,67,F,Nueva Guinea Ecuatorial
170,Lic. Trinidad Ulloa,18,M,San Eloisa los altos
171,Alvaro de la Fuente Covarrubias,18,F,San Gilberto de la Montaña
172,Ivonne Tania Griego Pulido,30,F,San Elvira los altos
173,Bernabé Toro,28,M,Nueva Santa Lucía
174,Lic. Soledad Cisneros,21,M,San David los altos
175,Estefanía Otero,57,F,San Benito de la Montaña
176,Marcela Abigail Espinosa Cabrera,65,M,San Luisa de la Montaña
177,Srita. Nadia Cardona,67,M,Vieja Sierra Leona
178,Pamela Natalia Garay,21,F,San Héctor los altos
179,Daniel Mateo Ceja,30,F,San Julio de la Montaña
180,Miguel Bernardo Tirado Navarrete,58,F,Vieja Portugal
181,Fernando Horacio Zarate,23,M,San Conchita los altos
182,Conchita Elisa Pelayo Negrón,62,M,San Isaac los altos
183,Elsa Alba Arevalo,61,F,Vieja Kuwait
184,Raúl Tijerina,20,F,Vieja Pakistán
185,Federico Zarate Barrera,43,F,Nueva Costa Rica
186,Helena Merino Madrid,70,M,San Miguel Ángel los bajos
187,Cecilia Mireles,58,M,San Teodoro de la Montaña
188,Elvia Mitzy Bañuelos Canales,28,F,San María los altos
189,Georgina Domínguez Sotelo,32,M,San María Luisa los bajos
190,Elsa Irene Camarillo,45,F,Nueva Canadá
191,Ing. Rosario Durán,23,F,Nueva Suriname
192,Paola Indira Berríos,61,M,Nueva Kuwait
193,Ing. Rosa Barrera,61,M,Vieja Etiopía
194,Salma Tórrez,30,F,Vieja Bélgica
195,Tomás Burgos Sauceda,24,F,San Ana María los altos
196,Andrés del Valle Villaseñor,19,F,San José Manuél los bajos
197,Olga Garica Sanches,49,F,San María Elena los altos
198,Abel Guillermo Pabón,53,F,San Anabel los altos
199,Nicolás Ibarra,26,F,Nueva Burundi
200,Juan Pedro Guevara,28,M,San Adán los altos
201,Guillermina Susana Alvarado,56,M,Vieja Liechtenstein
202,Sofía Rodríguez Palomino,65,F,San Ilse los altos
203,Rodrigo Reyes Zúñiga,25,F,San Natalia de la Montaña
204,Ing. Yeni Toledo,64,M,Vieja Chipre
205,Eduardo Mena,35,F,San Alicia de la Montaña
206,Mitzy Amanda Garza Valladares,50,F,Nueva Australia
207,Eugenio Camarillo Lugo,27,F,San Bernabé de la Montaña
208,Aldo Diego Zamudio Perea,21,M,Nueva Nicaragua
209,Timoteo Horacio Olivares Bustamante,67,M,San Pablo los altos
210,Srita. Conchita Laureano,33,F,Vieja Malawi
211,Martha Candelaria,29,M,Vieja Guinea Ecuatorial
212,Jacinto Rivera Zavala,36,F,Vieja Sri Lanka
213,Lic. Andrea Cavazos,36,F,San Bernardo los altos
214,Jesús Mendoza Nájera,27,F,San Marisol los bajos
215,Irene Trinidad Meza Orta,41,F,San Ernesto los bajos
216,Dr. Maximiliano Quintero,60,M,Vieja Libia
217,Irma de la Rosa,32,M,San Francisco Javier los altos
218,Francisco Miguel Ángel Alcántar,62,F,Vieja Somalia
219,Anabel Barajas,33,M,San Carlos los bajos
220,Rocío Leonor Granado,24,F,San Reynaldo de la Montaña
221,Dr. Alfonso Hurtado,65,M,Nueva Costa Rica
222,Salma Cecilia Perea,25,F,San Daniela los altos
223,Sofía Vallejo Abreu,20,F,San Enrique los bajos
224,Alvaro Héctor Rosado Ybarra,19,F,San Wilfrido de la Montaña
225,Dr. Mauricio Mora,19,F,San Noemí los bajos
226,Pamela Virginia Armendáriz,40,M,Nueva Letonia
227,Patricia Zaragoza,37,M,Vieja Nigeria
228,Ing. Ariadna Lucero,24,M,San Yuridia de la Montaña
229,Leticia Nazario Lozada,41,M,San Catalina los bajos
230,Nancy Carla Piña,24,F,San Wilfrido los bajos
231,Luis Rodolfo Zamora,22,M,Vieja Mauricio
232,Alberto Sarabia,61,M,Nueva Gambia
233,Dr. Francisco Bustos,37,M,Nueva República Centroafricana
234,Srita. Josefina Cotto,49,F,Nueva Australia
235,Abraham Salcedo Nava,45,M,Nueva Papua Nueva Guinea
236,Ernesto Claudio Medina Reyes,29,M,Nueva Fiji
237,Esteban Otero,33,M,San Ramón los altos
238,Alicia Valdez,20,F,San Carmen los altos
239,Ilse Guadalupe Hinojosa Lira,39,M,Nueva Afganistán
240,Lic. Felipe Guzmán,36,F,Nueva Bolivia
241,Armando Federico Navarro,41,M,San Verónica los altos
242,Jorge Luis Uriel Escamilla,23,F,San Ignacio los bajos
243,Darío Rubén Roybal Cardona,26,F,Nueva Sudán
244,Humberto Rosales Chávez,70,M,Vieja Nueva Zelandia
245,Marisol Indira Miranda Elizondo,68,M,San Caridad los bajos
246,Felix Ramiro Jimínez Ozuna,55,M,Nueva Brunei Darussalam
247,Bernardo Montañez Valverde,34,M,Vieja Azerbaiyán
248,Emilia Sofía Nazario Robles,65,M,San Modesto de la Montaña
249,Maximiliano Arreola,52,F,Vieja Brasil
250,Dra. Blanca Pantoja,46,M,Nueva Islas Salomón
251,Vanesa Emilia Sáenz Arguello,46,M,San Martín los altos
252,Reynaldo Ricardo Aragón,30,M,Vieja Kenya
253,Alejandro Modesto Figueroa,22,F,San Laura los altos
254,Lic. Modesto Vega,66,F,Nueva República Democrática del Congo
255,Leticia Anel Olivárez,48,M,Nueva Eslovenia
256,Patricia Noelia Miranda,61,F,Nueva San Marino
257,Helena Guajardo Gracia,64,M,San Salvador los altos
258,Mercedes Rosario Rojas Padrón,25,M,San Aurelio de la Montaña
259,Oswaldo Martín Montemayor,30,F,Nueva Togo
260,Clara Monroy,23,M,San Miguel Ángel los bajos
261,Caridad Serrano Camacho,25,F,Vieja Rumania
262,Rosalia Bianca Brito,32,M,San Cornelio de la Montaña
263,Oswaldo Fernando Moreno,52,M,Vieja Reino Unido de Gran Bretaña e Irlanda del Norte
264,Micaela Fajardo Márquez,38,M,San Celia los altos
265,Sra. Fabiola Escamilla,43,F,Vieja Croacia
266,Elsa Campos Hurtado,42,M,Vieja República Popular Democrática de Corea
267,Sr. Clemente Prado,44,F,San Teresa los bajos
268,Estefanía Rocha,41,F,Nueva Singapur
269,Germán Ramírez Arellano,66,F,San Zoé de la Montaña
270,Sr. Jerónimo Alonzo,55,F,San Jerónimo los bajos
271,Dalia Marisol Grijalva Ayala,42,M,Nueva Kirguistán
272,María Elena Asunción Ferrer,70,M,San Úrsula de la Montaña
273,Lic. Esther Ayala,35,M,San Hugo los bajos
274,Rufino Urbina Valadez,66,M,Vieja Ucrania
275,Trinidad Cazares Gurule,67,F,San Andrés de la Montaña
276,Esteban Fuentes Solorio,49,M,San Estela los altos
277,Felix Carlos Anaya,45,F,San Joaquín los bajos
278,Karla Osorio,64,M,San Estela los bajos
279,Gloria Haro Garza,66,M,San Berta de la Montaña
280,María Elena Delia Quintero Reyna,52,M,San Arturo los altos
281,Dra. Sessa Aguayo,31,F,San Carmen los bajos
282,Sonia Alba Toro,69,M,Vieja Bhután
283,Srita. Carlota Dávila,43,M,Nueva Argentina
284,María Luisa Lourdes Villalpando Marroquín,66,M,San Olivia los bajos
285,Celia Santillán,38,F,Nueva Francia
286,Homero de la Garza Aranda,62,F,Nueva Senegal
287,Julia Ávalos,42,M,San Anabel los bajos
288,Nicolás Darío Granado,49,M,San Joaquín de la Montaña
289,Amador Tejeda Marín,48,M,Vieja República Popular Democrática de Corea
290,Ana Alejandro,42,F,Nueva Singapur
291,Benito Baeza,25,F,San Daniel los altos
292,Julio Luis Miguel Meza Pelayo,30,M,San Hernán de la Montaña
293,Francisco Javier Jacobo de la Crúz,66,F,San María los bajos
294,Sr. Teodoro Jaime,26,M,San Natividad los altos
295,Zeferino Miranda,70,F,Vieja Australia
296,Dr. Isaac Gamboa,46,M,Nueva República Democrática Popular Lao
297,Marisol Laura Gil,40,M,Vieja Yemen
298,Eloisa Jaime,24,F,San Úrsula los bajos
299,Dr. Julio Castañeda,65,M,San Sergio los bajos
300,Emiliano Julio Vergara,36,F,Vieja Eslovaquia
301,Sandra Julia Pineda,40,M,San Georgina los altos
302,Adán Eloy Gallegos,67,F,Nueva Myanmar
303,Leonor María del Carmen Garica Peña,41,F,Vieja Nigeria
304,Mayte Villalpando Puente,61,F,San Jesús los bajos
305,Marco Antonio Quiñónez,43,M,Vieja Cabo Verde
306,Rodolfo Ignacio Granados,26,F,Vieja Lesotho
307,Norma Claudia Echeverría Sánchez,62,F,San Rosalia de la Montaña
308,Margarita Ofelia Saucedo Marrero,46,F,San Alonso los altos
309,Pamela Rubio,64,F,Nueva Sri Lanka
310,Berta Luna Díaz,56,M,Nueva Egipto
311,Pascual Omar Echeverría,43,M,San Sergio los altos
312,Sofía Esther Aragón,31,M,San Dulce María los bajos
313,Daniela Quiñónez,32,F,Nueva Polonia
314,Alvaro Luis Rascón Valverde,57,M,San Serafín los bajos
315,Pedro Sanabria Vázquez,33,M,San Antonio los bajos
316,Amanda Quiñones,44,M,Vieja Grecia
317,Juan Carlos Maximiliano Nevárez Barajas,61,M,San Raquel de la Montaña
318,Felix Fernando Rodrígez,64,F,San Reynaldo de la Montaña
319,Ing. Itzel Carmona,35,M,San Estefanía de la Montaña
320,Martín Pascual Montenegro,67,F,Vieja Israel
321,Flavio Reynoso,48,M,San Clara los bajos
322,Lic. Fidel Casanova,20,F,Vieja Bosnia y Herzegovina
323,Srita. Adela Rendón,69,F,San Reynaldo los bajos
324,Ing. Margarita Arreola,22,M,Vieja Qatar
325,Leonardo Enrique Trejo,28,M,San Teresa los bajos
326,Lic. Gregorio Cuellar,27,M,Nueva Líbano
327,Emiliano Enríquez Camarillo,38,M,Vieja Islas Marshall
328,Srita. María Teresa Ojeda,20,M,San Pascual los bajos
329,Bruno Miramontes,54,M,Vieja Georgia
330,Sr. Benito Venegas,32,F,Vieja Congo
331,Lic. Raquel Mateo,67,M,San Irma de la Montaña
332,Marisela Aida Trujillo,52,F,Vieja Bosnia y Herzegovina
333,Frida Gutiérrez,60,M,Vieja Camerún
334,María Eugenia Violeta Quintanilla,37,F,San Homero de la Montaña
335,Dr. Salvador Garza,48,F,Nueva Cabo Verde
336,Ing. Gabriela Malave,34,M,San Óliver de la Montaña
337,Hermelinda Micaela Herrera Nevárez,57,F,Vieja Pakistán
338,Clemente Armendáriz Córdova,55,F,Vieja República Federal Democrática de Nepal
339,Gloria Nayeli Samaniego,36,M,Vieja Bosnia y Herzegovina
340,Arturo Zaragoza Verduzco,50,M,San Uriel los altos
341,Beatriz Miriam Ulibarri,62,F,San Flavio los bajos
342,Pascual Perea,57,M,Nueva Camerún
343,Lorena Alonso Muñoz,20,F,San Dulce María los bajos
344,Rubén Julio Bétancourt Avilés,20,F,San Enrique de la Montaña
345,Alvaro Arturo Jaime Gastélum,53,M,Vieja Serbia
346,Salma Karina Godoy Nájera,54,M,San Soledad de la Montaña
347,Daniel Lebrón Botello,51,M,Vieja Uruguay
348,Ing. Marco Antonio Iglesias,61,F,San Alfredo los bajos
349,Ivonne Rael,33,M,Nueva Eritrea
350,Minerva Montoya,39,M,Nueva Panamá
351,Pamela Rosado,35,M,Nueva Trinidad y Tabago
352,Aida Armas Terrazas,18,F,San Felix los altos
353,Daniel Jacobo Razo Ortega,22,F,Vieja Kenya
354,Luis Manuel Pabón,23,M,San Gabriela los bajos
355,Mitzy Julia Peña,60,M,San Clemente los bajos
356,Ing. Modesto Carvajal,32,M,San Patricio de la Montaña
357,Germán Alonso Pedraza,63,F,San Esmeralda de la Montaña
358,Bruno Alberto Espino Mota,22,M,San Arcelia los bajos
359,Federico Lerma Sauceda,32,M,Nueva Líbano
360,Diego Briseño Abrego,41,F,San Virginia de la Montaña
361,Elsa Ofelia Ruelas Montoya,32,F,Vieja Croacia
362,Olivia Sandra Perales,39,F,San Mayte los altos
363,Francisco Iván Almanza Valentín,22,F,San Margarita los bajos
364,Dr. David Salinas,23,M,Nueva Kenya
365,Raúl Omar Alcala Romero,26,F,Vieja Albania
366,Barbara Roque,63,M,San Marco Antonio de la Montaña
367,Rodolfo Abel Jiménez,55,F,San Indira de la Montaña
368,Martín Amador Rodarte,40,M,San Catalina los altos
369,Luis Manuel Darío Herrera,47,F,San Nelly de la Montaña
370,Marcela Isabela Almonte,56,F,Vieja Sudán del Sur
371,Olga Aurora Ocasio Solano,34,F,Vieja Japón
372,Srita. Barbara Gollum,28,M,San Débora los bajos
373,María José Amalia Farías,61,F,Vieja Micronesia
374,Felix Alfonso Zaragoza,41,M,San Georgina de la Montaña
375,María Villarreal Carbajal,51,F,Nueva República Centroafricana
376,Itzel Caldera Montañez,35,F,San Cristina los bajos
377,Bernardo Lemus,35,F,Vieja Haití
378,Dra. María Luisa Orta,56,F,Nueva Estados Unidos de América
379,Estela Aldonza Hinojosa Corral,33,M,Nueva San Marino
380,Victoria Ojeda Jaimes,69,M,Nueva Togo
381,Anabel Carvajal,23,F,San Sandra los bajos
382,José Luis Páez,58,F,San María del Carmen los altos
383,Mateo Serafín Orozco Herrera,49,F,San Julio los bajos
384,María Yeni Mascareñas Corrales,65,F,Vieja República Centroafricana
385,Marisol Huerta,34,F,San Federico de la Montaña
386,Dra. Ana Luisa Romo,18,M,San Cristina de la Montaña
387,Clara Tovar Murillo,24,F,San Andrés los altos
388,Rubén Villa Mora,30,M,Nueva Camboya
389,Lic. José Eduardo Lerma,41,F,Vieja Burkina Faso
390,Ing. María Teresa Guillen,49,F,Nueva Singapur
391,Hernán Hinojosa Madera,52,F,Nueva Túnez
392,René Burgos,66,M,Vieja Guatemala
393,Anabel Concepción,43,F,San Silvano los altos
394,José Eduardo Adame Regalado,23,F,Nueva Turkmenistán
395,Srita. Pilar Montero,25,F,Nueva Guinea Ecuatorial
396,Violeta Indira Archuleta,28,F,Nueva República Centroafricana
397,Alonso David Magaña,20,F,Vieja Mónaco
398,Lourdes Barraza,56,M,San Olga los bajos
399,Jorge Luis Almanza Villareal,24,M,San Yeni los altos
400,Emilio Ibarra,33,M,Vieja Eslovaquia
401,Elsa Elvira Barrios,43,F,Nueva Bosnia y Herzegovina
402,Cornelio Muro Gálvez,68,M,San Genaro los bajos
403,Alta  Gracia Razo Zepeda,37,F,Nueva Tayikistán
404,Srita. Itzel Negrete,38,M,Nueva Nigeria
405,José Luis Romo,44,F,Nueva Burundi
406,Hernán Mateo Suárez Matos,25,F,San Mauro los bajos
407,Hugo Delgadillo Soria,42,F,San Lucía los bajos
408,Sara Montero,29,M,San Catalina los altos
409,Luis Jos de la Garza,42,M,San Bernabé los bajos
410,Lic. Maximiliano de Anda,33,M,Vieja Malta
411,Inés Archuleta,47,F,San Karla de la Montaña
412,Marcos Claudio Cintrón,28,M,Vieja Dominicana
413,Gilberto Rubén Vaca,51,M,Vieja Armenia
414,Jaime Oswaldo Garza Ceballos,48,F,Vieja México
415,Mitzy Solís Madrid,25,M,Vieja Austria
416,Natividad Lucía Cruz Quintanilla,27,F,Vieja Islandia
417,Ing. Marisela Alvarado,53,F,San Julio de la Montaña
418,Rolando Mireles de la Crúz,56,F,Nueva Gambia
419,Juan Bañuelos Zayas,48,M,Vieja Eslovaquia
420,Ramón Roldán,27,F,San Oswaldo los bajos
421,Ángel Rivas Palomo,51,M,San Diego de la Montaña
422,Cristobal José Manuél Matías Murillo,67,F,Vieja Timor-Leste
423,Miguel Juan Carlos Acuña Ceballos,64,M,San Mario de la Montaña
424,Itzel Garibay Alarcón,64,F,Nueva Líbano
425,Dra. Irene Reyes,28,F,San Vicente de la Montaña
426,Ivonne Socorro Acuña,64,M,San Citlali de la Montaña
427,Vanesa María de Jesús,61,F,San Antonia los altos
428,Yuridia Ulloa,52,M,Nueva España
429,Guadalupe Tórrez,37,M,Vieja Japón
430,Lic. Andrea Rojo,53,M,San Ana los altos
431,Esteban Granado Rangel,48,M,Vieja Singapur
432,Marcela Páez,68,F,San María los bajos
433,Lic. Isabel Longoria,57,M,San Anabel de la Montaña
434,Natalia Arriaga,40,M,San María de la Montaña
435,Santiago Ignacio Córdova,63,M,Nueva Congo
436,Sara Tania Salas Abreu,46,M,San Pedro los bajos
437,Raúl Gamboa Mendoza,57,F,San Graciela de la Montaña
438,Laura Casárez Escamilla,36,M,Nueva Guyana
439,Mario Rafaél Muñiz,44,M,San Mariana los bajos
440,Lic. Luis Miguel Vanegas,18,M,San Asunción de la Montaña
441,José Manuél Octavio Crespo,35,M,San Irma de la Montaña
442,Julia Abril Negrón Iglesias,33,F,Vieja Bosnia y Herzegovina
443,José María Eugenio Díaz,58,M,Nueva Mónaco
444,Ofelia Cristal Rivas Vélez,28,M,San Pilar los altos
445,Gerónimo Irizarry,51,M,San Teresa los bajos
446,Timoteo Aguayo,34,M,Nueva Italia
447,Jerónimo Camilo Ornelas Rolón,43,F,San Arcelia los bajos
448,Lic. María del Carmen Casares,28,F,San Magdalena los altos
449,Armando Patiño Santillán,45,M,Nueva Azerbaiyán
450,Estela Irma Pérez,62,M,San Isabela los bajos
451,Sra. Estela Terrazas,52,F,Vieja Liechtenstein
452,Carlos Miguel Ángel Alva Montalvo,33,F,San Carlota los bajos
453,Maximiliano Eric Meraz Chapa,49,F,San Leticia de la Montaña
454,Araceli Claudia Bonilla Ávila,32,F,Nueva Grecia
455,Omar Víctor Carrasco Farías,63,F,Nueva Nauru
456,Susana Suárez,27,M,San Indira los altos
457,Sara Jaramillo,23,F,San José Carlos de la Montaña
458,Paulina Teresa Brito,37,F,San Susana los altos
459,Pablo Bravo Guillen,20,M,Vieja Myanmar
460,Jonás Adán Zaragoza,50,F,Vieja Polonia
461,Alta  Gracia Bonilla,62,F,Nueva Côte d'Ivoire
462,Enrique Salcedo Negrón,28,F,Vieja Bulgaria
463,Ing. Armando Velázquez,40,F,San Carmen de la Montaña
464,Socorro Ceja,20,M,San Aida los altos
465,Horacio Germán Valentín Pedraza,50,F,Nueva Bahamas
466,Cornelio Guerrero Montes,53,F,San Wendolin los altos
467,Evelio Solano,41,F,San Alberto de la Montaña
468,Sr. Homero Pabón,28,M,San Ivonne los altos
469,Srita. Estela Tovar,20,F,Nueva Federación de Rusia
470,Jaime Abraham Tamayo Salcedo,28,F,San Abril de la Montaña
471,Andrea Mónica Irizarry,56,M,San César los bajos
472,Miguel Cornejo Roque,50,M,Nueva Canadá
473,Marcela Cintrón,18,F,San Eloisa los bajos
474,Roberto Rodolfo Marroquín Murillo,32,F,Nueva Namibia
475,Mayte Aurora Espinosa Ferrer,19,F,San Humberto de la Montaña
476,Santiago Garrido,43,M,Vieja Países Bajos
477,Bruno de la Fuente Peña,62,F,Vieja Yemen
478,Aurelio Munguía,69,F,Nueva República Árabe Siria
479,Israel Alfonso Romero Jáquez,66,F,San Cristobal de la Montaña
480,Luisa Araceli Toro,45,M,Nueva Suecia
481,Ramón Arteaga,37,F,Nueva Polonia
482,Esther Ana María Quintero Ochoa,24,F,San María Teresa de la Montaña
483,Concepción Aurora Soria,35,F,San Patricia los bajos
484,Celia Elena Arevalo,33,M,San Indira los altos
485,Amador Padrón Ochoa,37,M,San Bianca de la Montaña
486,Srita. Alma Armas,68,M,San Elsa los altos
487,Diego Alberto Rosado,19,F,Vieja Argelia
488,Olivia Ramos Velásquez,56,M,San Rodrigo los altos
489,Bianca Velasco Fernández,26,M,San Guillermina los bajos
490,Fernando Rivero,42,F,San Espartaco los bajos
491,Angélica Miranda Sepúlveda,29,M,San Julia los bajos
492,Salma Noemí Estévez Valenzuela,20,F,Nueva Estonia
493,Aldonza Trejo,70,M,Nueva Bhután
494,Úrsula Pamela Regalado Alvarez,54,M,Vieja Malta
495,Itzel Lovato Duarte,65,M,San Dalia los bajos
496,Sra. Dolores Granados,38,F,Vieja Liechtenstein
497,Lucas Mejía Montoya,35,M,San Alma los altos
498,María Elena Quintana,45,F,Vieja Chile
499,Asunción Fabiola Quintanilla Cisneros,36,F,Nueva Granada
500,Alberto Mateo Berríos,26,M,Nueva Rumania
